AminoAcid,Probability
A,0.03353
R,0.05076
N,0.06358
D,0.06073
E,0.02587
Q,0.01545
G,0.07939
H,0.0219
I,0.03489
L,0.0385
K,0.0185
M,0.00678
F,0.04677
P,0.0234
S,0.12669
T,0.06186
W,0.05624
Y,0.20396
V,0.0312
