AminoAcid,Probability
A,0.03579
R,0.04462
N,0.06788
D,0.06806
E,0.02621
Q,0.01268
G,0.09396
H,0.02256
I,0.02952
L,0.0387
K,0.01514
M,0.0076
F,0.05339
P,0.02284
S,0.12746
T,0.06049
W,0.0493
Y,0.19701
V,0.02678
