AminoAcid,Probability
A,0.05263
R,0.05263
N,0.05263
D,0.05263
E,0.05263
Q,0.05263
G,0.05263
H,0.05263
I,0.05263
L,0.05263
K,0.05263
M,0.05263
F,0.05263
P,0.05263
S,0.05263
T,0.05263
W,0.05263
Y,0.05263
V,0.05263
